Learning Rate,Num Dense Layers,Num Dense Nodes,Activation,Initialization,W_domain,W_bc0,W_bc1,W_ic,Error,Time Spent
0.0001046,3,165,sigmoid,He normal,1,10000,1,100,67.71374019889033,60.52415895462036
0.0001046,3,165,sigmoid,He normal,1,10,1,100,105.0347652717024,60.66716718673706
5.673916999869182e-05,3,116,silu,He uniform,145,53,103,37,9.498084686192517,70.09323787689209
0.006637293484517466,2,252,selu,Glorot uniform,37,106,174,81,9.565816067674039,56.22313618659973
7.652669341243409e-05,7,270,selu,He uniform,142,195,170,30,31.904143690642808,152.11958241462708
3.0698929108809945e-05,7,22,silu,He normal,73,55,173,166,15.90173524145424,117.78382658958435
0.004963108472984065,3,197,sigmoid,He normal,98,3,154,7,25.220961916381256,63.680394411087036
0.018650958436080483,8,369,sigmoid,He uniform,162,3,195,3,45.99806017856867,221.98323488235474
2.9731824681162837e-05,2,268,silu,He normal,171,25,39,164,19.633827348982106,69.71803855895996
0.0008071849874623582,2,343,silu,He normal,223,150,167,162,68.18906220941349,79.18177151679993
0.05523579101190243,5,144,relu,He normal,197,106,57,148,44.75966426294093,63.14574670791626
1.344796806422633e-05,5,60,tanh,He normal,39,111,116,57,39.70746318944539,72.68825364112854
0.21788060459464648,8,7,elu,He uniform,123,250,0,88,23.10126058131177,107.23607659339905
1.2774471609203795e-05,8,7,sigmoid,Glorot uniform,37,237,198,182,45.126322895235376,99.30218815803528
0.008079445275179835,2,256,selu,Glorot uniform,38,103,177,77,25.06957831422656,56.09496474266052
0.006189038403888488,3,199,selu,He normal,65,133,187,92,21.392190867378126,67.5053346157074
5.912834923406594e-05,3,27,silu,He uniform,155,247,82,52,16.54351137692171,68.53191995620728
0.002959997150281231,1,347,selu,Glorot uniform,0,0,4,122,161.26990571712574,40.92646265029907
1.5010435790133973e-05,1,7,tanh,He uniform,117,0,116,182,34.374700826208496,38.46167588233948
0.21788060459464648,2,158,tanh,Glorot uniform,0,165,138,182,69.91472062365938,48.81179237365723
0.21788060459464648,1,384,elu,He uniform,0,0,198,0,929.2513096026396,41.93697381019592
0.21788060459464648,1,384,tanh,Glorot uniform,250,0,198,0,377.3740077911329,40.83883357048035
1.2774471609203795e-05,1,7,tanh,He uniform,141,48,0,135,84.93738703594553,38.51016807556152
0.008150523851503248,7,32,elu,He uniform,140,250,100,42,5.649727387263548,100.26296997070312
3.055333451408961e-05,7,360,swish,He normal,135,250,0,180,105.1482042250383,261.9617462158203
1.2774471609203795e-05,1,179,sigmoid,He normal,173,0,198,0,70.60468304356175,41.31754970550537
0.21788060459464648,1,154,tanh,Glorot uniform,54,250,198,15,137.03456699765377,40.51999473571777
0.21788060459464648,8,7,elu,He uniform,133,250,198,0,45.42875743512611,107.14899063110352
0.036162899189874115,1,384,elu,Glorot uniform,31,0,157,60,30.730790941835856,41.5874285697937
0.21788060459464648,8,7,elu,He uniform,136,250,96,12,45.132960652403725,107.27832698822021
1.2816178071794046e-05,1,7,elu,He normal,72,250,198,0,16.246951796852922,39.32395887374878
0.21788060459464648,1,384,elu,Glorot uniform,23,23,198,99,268.06106284455194,41.79647874832153
0.10190606533347099,4,7,swish,Glorot uniform,0,243,44,182,43.65092148737072,77.99509954452515
2.0577453307286984e-05,1,7,selu,He uniform,81,23,176,182,19.147761411035773,39.30074405670166
0.019704676724969276,4,264,selu,Glorot uniform,50,143,198,182,11213.683238206098,94.32844519615173
0.21788060459464648,1,112,tanh,Glorot uniform,0,177,103,182,123.06204213072212,39.49620580673218
0.11569401417306123,8,7,elu,Glorot uniform,0,250,0,182,23.25507450697855,107.13204193115234
1.2774471609203795e-05,8,7,tanh,He uniform,250,10,0,182,26.280176009817115,97.39631628990173
0.017005022187680515,4,7,elu,He uniform,29,146,135,151,85.55559749791273,68.41622257232666
3.468812773920072e-05,2,7,sigmoid,Glorot uniform,0,203,97,178,12.386682988084992,48.481642723083496
3.142454959278777e-05,6,120,elu,He normal,233,66,120,174,16.879789538732197,90.66339898109436
5.095066433883026e-05,8,265,elu,He uniform,169,83,95,44,12.41253733035087,172.4629373550415
2.211502235332229e-05,5,7,sigmoid,Glorot uniform,39,158,83,154,34.17884214122253,72.19327306747437
0.0002711669825314379,8,288,silu,He normal,135,232,147,138,99.58238621131153,236.33904266357422
0.0002516461660653146,3,15,silu,He normal,94,216,112,59,42.29784177040211,67.01943850517273
0.02103035670800203,3,52,tanh,Glorot uniform,57,190,29,181,41.00581908492662,56.51633667945862
0.0006610413405563917,1,228,relu,Glorot uniform,10,74,109,35,220.09514279266048,39.15264415740967
0.001535925574129547,8,332,tanh,He uniform,250,0,21,24,45.52729400800136,189.78474283218384
0.00036895258817085845,2,285,relu,He uniform,67,174,191,139,135.97705637565744,46.45517921447754
0.21788060459464648,8,149,elu,Glorot uniform,1,27,0,105,625863437645.2847,120.39554071426392
2.116251724862795e-05,5,7,silu,Glorot uniform,44,163,82,157,9.372422972840075,89.99373030662537
4.2850095117775586e-05,5,26,sigmoid,Glorot uniform,58,164,97,164,5.427849962413526,78.05425786972046
4.257451380828642e-05,5,24,sigmoid,Glorot uniform,38,157,87,153,7.278919694708917,78.18008804321289
8.473670651492143e-05,5,42,sigmoid,Glorot uniform,45,159,88,150,67.111781840055,75.48481130599976
6.617117572771577e-05,5,40,sigmoid,Glorot uniform,39,159,88,152,38.603156135226776,77.04822039604187
4.7091773923716576e-05,5,27,sigmoid,Glorot uniform,45,160,81,150,7.478177581757201,97.94233536720276
9.812316733301171e-05,5,7,silu,Glorot uniform,41,159,98,166,42.307375058032974,90.05266642570496
0.00041800973565866257,5,40,sigmoid,Glorot uniform,28,157,100,170,110.37593758079417,74.56853938102722
0.008038411335145117,5,64,sigmoid,Glorot uniform,7,157,121,182,107.4027568906749,75.11260724067688
0.009236223542891539,5,94,selu,Glorot uniform,7,158,125,182,21.949640014456225,80.31914067268372
0.031091218888098522,5,97,selu,Glorot uniform,9,159,129,182,45.15264039538228,80.39596390724182
4.956755877541822e-05,5,17,silu,Glorot uniform,36,159,83,160,106.44796985133439,91.32152128219604
0.0001404550685699751,5,35,sigmoid,Glorot uniform,31,159,101,163,92.39281850336545,74.60504961013794
0.0013372348309175861,5,45,sigmoid,Glorot uniform,28,160,105,175,103.93724726504274,74.79094243049622
0.003617907394264769,5,61,sigmoid,Glorot uniform,12,159,118,175,101.56951657930065,74.98598408699036
0.0005755485184328288,5,55,selu,Glorot uniform,25,159,107,174,121.65877856162747,80.21079468727112
0.0001271423280285984,5,35,sigmoid,Glorot uniform,37,160,91,162,64.7497730431895,74.56348490715027
0.023482191452957834,5,95,sigmoid,Glorot uniform,9,157,145,182,117.2936330505528,74.07112407684326
0.0017774997650219222,5,33,sin,Glorot uniform,12,158,128,178,103.76709280949892,74.05916500091553
0.0002128887689105765,5,21,sin,Glorot uniform,26,159,112,163,107.31833566712588,77.77897763252258
0.07117253951897574,5,81,sin,Glorot uniform,4,157,171,182,30776.39723929754,74.2984836101532
0.16545301583772035,5,97,sin,Glorot uniform,24,158,178,172,307337.3058394236,74.27136945724487
0.00022317201079338542,5,22,sin,Glorot uniform,21,159,115,173,109.02666783914289,78.25294947624207
0.0010687363823367081,5,43,silu,Glorot uniform,25,160,121,168,105.34208619486458,93.5963351726532
0.0029973529481895794,5,89,selu,Glorot uniform,41,157,144,170,74.96967874877984,80.14353728294373
0.027727708059258144,5,105,sigmoid,Glorot uniform,59,157,194,168,41.16010245469185,74.614985704422
0.00013923855246167946,5,51,selu,Glorot uniform,57,157,127,174,116.51349908516092,80.2584753036499
0.00048433443698120426,5,76,sigmoid,Glorot uniform,68,158,149,157,89.60279359934395,75.13223624229431
0.025890683574660806,5,78,sin,Glorot uniform,29,159,192,177,45.391829911926045,74.64038586616516
0.004298073281938084,5,84,sigmoid,Glorot uniform,63,159,173,173,105.08615321577369,75.17382478713989
0.0032062858278940347,5,60,silu,Glorot uniform,51,159,155,166,106.61719185224074,93.83451342582703
0.002057775643153223,5,59,sin,Glorot uniform,43,159,155,172,98.22880825945673,74.49061465263367
0.005086758837100866,5,55,sin,Glorot uniform,31,159,154,172,93.44389344859287,74.25267887115479
0.000244039490405467,5,122,selu,Glorot uniform,108,156,187,156,92.11937566137544,80.37382459640503
0.008808086219493553,5,203,relu,Glorot uniform,78,156,181,170,200.1299444986144,67.58203315734863
0.0071785435987337,5,179,sigmoid,Glorot uniform,86,158,194,176,99.71762155809253,82.02445006370544
2.9204606732286334e-05,8,22,selu,Glorot uniform,27,240,183,182,28.606495121302085,113.79440188407898
0.00037829145363841806,5,233,elu,Glorot uniform,106,157,149,160,97.49775775779885,103.1720335483551
0.057054826991476626,5,129,silu,Glorot uniform,60,158,182,169,121947719.14147823,101.1831796169281
3.839803166834076e-05,5,47,relu,Glorot uniform,53,159,117,176,195.13735868070555,62.412360191345215
0.006488865610886956,5,263,relu,Glorot uniform,161,155,198,130,206.2923845889568,76.06209945678711
0.0020513830659271677,8,7,sin,Glorot uniform,83,241,9,157,239.54369293070184,102.54847002029419
1.8254988919617804e-05,5,296,elu,Glorot uniform,250,157,182,107,25.11445258973362,124.14367985725403
0.00010141099894966437,8,7,sigmoid,Glorot uniform,12,241,190,180,6.27581980475376,99.71299839019775
0.00018205310717968993,8,7,relu,Glorot uniform,28,241,114,182,72.00636301904844,80.35099959373474
1.2774471609203795e-05,8,7,selu,Glorot uniform,43,239,137,164,12.035625054924685,107.26907157897949
0.003430530811141077,5,213,relu,Glorot uniform,95,156,167,119,202.68928114763884,68.15791487693787
0.0009813876694694506,5,173,selu,Glorot uniform,87,158,169,160,98.91040286918334,89.34628915786743
0.00047489295841503546,5,224,relu,Glorot uniform,149,157,195,112,193.6790818071147,68.0440764427185
1.2774471609203795e-05,8,7,silu,Glorot uniform,106,237,142,181,17.07731153811397,125.61818742752075
2.2161688622320164e-05,8,7,sin,Glorot uniform,247,238,169,165,26.89830499679646,102.1011130809784
1.2774471609203795e-05,8,7,selu,Glorot uniform,214,240,78,182,27.458776234586843,107.03678703308105
1.2774471609203795e-05,8,16,tanh,Glorot uniform,127,238,197,182,71.75840799474715,103.40297555923462
1.2800338437533758e-05,8,7,swish,Glorot uniform,140,239,131,182,17.257581324530243,125.4021520614624
1.6013666863017536e-05,8,7,tanh,Glorot uniform,130,239,198,182,8.048956461326503,97.4496078491211
1.2774471609203795e-05,8,7,sin,Glorot uniform,178,234,198,182,14.60116677191303,102.23374462127686
0.1443352261644632,8,7,elu,Glorot uniform,221,233,198,182,45.293433145783666,107.19443440437317
0.21786004602976586,8,7,relu,Glorot uniform,250,236,168,182,45.201633366650576,80.37518572807312
0.012001401157904977,8,7,relu,Glorot uniform,172,231,198,182,123.7455199073991,80.39002919197083
0.12729353737540583,8,7,elu,Glorot uniform,0,229,198,182,45.29825547564691,107.27362823486328
0.01137705817490066,5,233,elu,Glorot uniform,103,157,186,121,73.00528888865394,103.47162127494812
0.017282387052583906,8,33,silu,Glorot uniform,0,233,28,177,42.58306956938389,130.10918474197388
0.05891421697860646,8,7,elu,Glorot uniform,0,230,198,156,45.325890191054974,107.31872630119324
0.12857913912905125,8,7,sigmoid,Glorot uniform,61,227,198,110,45.384059104255705,99.04484152793884
0.04826890458631135,8,7,sin,Glorot uniform,0,230,198,0,106.77965571620368,102.17065119743347
0.21788060459464648,8,7,sigmoid,Glorot uniform,0,224,198,0,45.516272921588296,99.0947163105011
0.0009783545178908943,8,7,elu,Glorot uniform,0,222,131,0,20.792977338681712,107.21602201461792
1.2774471609203795e-05,8,7,elu,Glorot uniform,79,226,0,0,51.62839274155958,107.12301445007324
1.3195603885518451e-05,8,7,elu,Glorot uniform,19,226,124,0,34.42709909339719,107.20635318756104
0.00018549511634001668,8,7,elu,Glorot uniform,0,219,155,0,15.595913657622404,107.10340905189514
1.360982708725416e-05,8,7,elu,Glorot uniform,4,223,126,22,34.60632671978472,107.30981469154358
1.2774471609203795e-05,8,7,elu,Glorot uniform,0,215,179,51,41.29340558991023,107.32203197479248
2.630054294365196e-05,8,10,sigmoid,Glorot uniform,1,219,196,169,24.92853549662066,101.94199538230896
1.2774471609203795e-05,8,7,elu,Glorot uniform,125,212,198,89,13.947452645396313,107.27129077911377
1.2774471609203795e-05,8,7,elu,Glorot uniform,250,216,198,146,10.958147218331954,107.23549032211304
1.2774471609203795e-05,8,7,elu,Glorot uniform,235,209,198,18,21.309918720967108,107.26801204681396
6.546276610749198e-05,8,11,selu,Glorot uniform,250,213,184,0,28.825606387012826,108.99174857139587
1.2774471609203795e-05,8,7,elu,Glorot uniform,250,206,198,0,22.14011407035568,107.17507410049438
1.2774471609203795e-05,8,7,elu,Glorot uniform,250,203,189,0,21.681198616112702,107.29442262649536
1.2774471609203795e-05,8,7,elu,Glorot uniform,171,200,71,0,24.694147512757336,107.2103271484375
0.000370062521253848,8,7,selu,Glorot uniform,27,203,0,18,171.4802987703315,107.07462286949158
1.2774471609203795e-05,8,7,elu,Glorot uniform,73,204,0,33,59.39654991408082,107.1554844379425
1.2774471609203795e-05,8,7,elu,Glorot uniform,249,196,42,0,18.832854157880508,107.12524151802063
0.0001351053985454391,8,7,relu,Glorot uniform,250,200,1,7,89.40946961325457,80.27389287948608
1.2774471609203795e-05,8,7,elu,Glorot uniform,250,193,0,35,36.86973047925583,107.09561395645142
1.2774471609203795e-05,8,7,elu,Glorot uniform,224,190,36,182,16.691686528656692,107.12584280967712
1.2774471609203795e-05,8,7,elu,Glorot uniform,249,195,113,182,14.222994929295066,107.12049317359924
1.6976609510665594e-05,8,7,elu,Glorot uniform,144,194,6,175,6.632337664196464,107.1186408996582
1.2774471609203795e-05,7,7,elu,Glorot uniform,250,187,18,182,13.084676275848418,96.88395953178406
0.05025455101314626,4,264,relu,Glorot uniform,20,145,198,165,45.42048534493456,65.67819738388062
0.21788060459464648,2,57,tanh,Glorot uniform,44,178,75,182,44.88135033171597,48.34223532676697
0.00016955839980214776,7,7,relu,Glorot uniform,139,185,27,182,180.310079662,74.8088104724884
0.10894324557025346,1,384,silu,Glorot uniform,100,6,125,106,63.034461185863776,49.969852447509766
0.00035174535067022917,3,34,tanh,Glorot uniform,54,196,9,178,111.09502242474568,56.795769691467285
0.21788060459464648,4,7,tanh,Glorot uniform,2,244,5,178,34.87034892174052,62.45608997344971
6.859313365684801e-05,5,197,elu,Glorot uniform,135,158,136,132,69.73442537536836,96.06866908073425
0.056335366001169423,2,311,silu,Glorot uniform,106,106,198,98,29.386095308300693,77.59708952903748
0.0001597243674757998,5,139,selu,Glorot uniform,96,159,124,164,115.76343695891866,84.68322658538818
0.007399048904201934,4,119,silu,Glorot uniform,13,146,198,173,100.93935871945365,82.35272645950317
0.21788060459464648,1,137,tanh,Glorot uniform,0,181,159,182,83.11574912133503,39.892085313797
0.21788060459464648,4,7,tanh,Glorot uniform,0,244,1,182,27.02415653905038,62.50399422645569
0.10331738653161085,4,7,sin,Glorot uniform,0,244,28,178,246.8333996602066,63.6322500705719
0.21788060459464648,4,7,sin,Glorot uniform,0,245,12,182,1861.5724801228425,63.65764546394348
0.21788060459464648,4,7,swish,Glorot uniform,0,244,7,182,36.687689819551814,77.89951992034912
0.21788060459464648,4,7,tanh,Glorot uniform,0,244,22,168,41.98103407193035,62.64871907234192
0.21788060459464648,4,7,tanh,Glorot uniform,0,244,2,176,17.57280451835959,62.3596293926239
0.1975709110454283,4,7,silu,Glorot uniform,0,245,42,182,43.540783223334515,77.88152885437012
0.21788060459464648,4,7,swish,Glorot uniform,0,244,20,182,41.51520554882071,77.99801325798035
0.21788060459464648,4,7,swish,Glorot uniform,0,245,3,178,31.917428134199824,77.96604824066162
1.4900675980819544e-05,8,7,elu,Glorot uniform,226,195,8,107,14.051384086179555,107.25694918632507
0.21788060459464648,4,7,swish,Glorot uniform,0,244,2,179,28.74233852984402,77.7944483757019
0.21788060459464648,4,7,tanh,Glorot uniform,0,244,0,181,23.25387814092678,62.38433289527893
0.2011426015356375,4,7,tanh,Glorot uniform,0,244,2,182,29.796357008153272,62.650954723358154
0.21788060459464648,4,7,sin,Glorot uniform,0,245,27,180,467.9304986636028,63.650495529174805
0.21788060459464648,4,7,tanh,Glorot uniform,0,245,0,180,23.25888399913474,62.456196546554565
0.21788060459464648,4,7,sin,Glorot uniform,0,245,9,182,148.32025193586128,63.8009033203125
0.02145328736896394,5,262,relu,Glorot uniform,125,158,198,141,45.43262972393057,75.49580216407776
0.21788060459464648,4,7,swish,Glorot uniform,0,244,32,182,42.92844024954111,77.94847512245178
0.20668984496873327,4,7,swish,Glorot uniform,0,244,10,179,38.60359687537062,78.19167685508728
0.21788060459464648,4,7,swish,Glorot uniform,0,245,7,182,36.68135802239034,78.16287541389465
0.21788060459464648,4,7,sin,Glorot uniform,0,245,12,182,1861.5724801228425,63.724791288375854
0.18832614802077263,4,7,sin,Glorot uniform,0,244,27,178,113.7820885689018,63.76897382736206
0.00028632678779744126,5,58,selu,Glorot uniform,45,159,125,175,122.979509069182,80.3319034576416
0.21788060459464648,4,7,sin,Glorot uniform,0,245,19,181,1047.6929912383641,63.9187490940094
0.21788060459464648,4,7,sin,Glorot uniform,0,245,11,181,1804.5697498561935,63.57344651222229
0.21788017126899994,4,7,sigmoid,Glorot uniform,0,245,39,182,42.96604879294038,63.767234086990356
0.21788060459464648,4,7,silu,Glorot uniform,0,245,25,182,42.239445771456516,77.94689989089966
0.21788060459464648,4,7,swish,Glorot uniform,0,244,23,182,41.978496391433396,78.02217960357666
0.20683222599236703,4,7,tanh,Glorot uniform,0,244,0,176,20.45562424634763,62.37770867347717
0.21788060459464648,4,7,tanh,Glorot uniform,0,244,9,179,38.069863882360266,62.454304218292236
1.2774471609203795e-05,8,384,tanh,He uniform,250,144,0,0,26.41686766696242,220.08039689064026
1.3286292242980407e-05,8,9,relu,Glorot uniform,231,195,13,178,13.304351793187717,80.60375952720642
0.00021829254087668982,8,248,sin,He normal,232,233,186,171,48.406450514354894,140.47522020339966
2.9193914113071126e-05,5,170,selu,Glorot uniform,6,155,194,171,117.54492770498237,88.06006622314453
0.00016364916980453264,8,7,elu,Glorot uniform,48,197,108,127,34.28443717223755,107.46309399604797
0.0003047680989392111,5,8,elu,Glorot uniform,49,157,132,160,50.70523150416131,77.30491614341736
7.655617159120236e-05,5,66,relu,Glorot uniform,19,156,66,35,185.42841963872266,63.171518325805664
0.0012875786380134497,8,258,swish,He uniform,240,3,15,71,35.96302652312652,218.7834038734436
2.0404013110462934e-05,8,46,silu,Glorot uniform,213,194,140,121,31.386411927340436,130.56030583381653
0.09110604215719732,8,259,selu,He uniform,47,240,0,103,956378184.7777373,170.9157738685608
2.4717385692537472e-05,7,132,relu,He uniform,204,190,164,22,26.830362761615348,74.25530648231506
1.2872737093872253e-05,8,299,swish,He uniform,248,141,41,0,19.950394500525817,275.1659166812897
0.0005488076995298178,8,14,relu,Glorot uniform,73,195,47,9,162.73586552072808,80.89010190963745
7.172343237014825e-05,8,202,selu,He normal,83,233,54,102,31.214802669426955,138.26503825187683
1.5686498901245408e-05,8,378,tanh,He uniform,243,5,195,0,82.00553856359465,219.70618104934692
0.0011008094863153807,8,78,elu,Glorot uniform,124,195,127,135,98.87544478616563,111.51873898506165
0.0033930621863369308,8,234,swish,He uniform,222,5,125,27,11.638532510916415,198.6539978981018
5.8391787682300614e-05,8,384,sigmoid,He uniform,204,81,0,41,148.3568249267429,226.55127334594727
2.506060271566496e-05,8,282,sin,He uniform,224,5,1,123,44.25093380257157,163.65598607063293
9.158898835830909e-05,5,168,elu,Glorot uniform,14,158,68,141,106.29834695216033,88.67791509628296
0.0237001596546759,4,7,swish,Glorot uniform,0,244,6,166,40.606115522806,79.14089679718018
1.2774471609203795e-05,5,259,elu,Glorot uniform,19,157,168,53,27.392198849676976,112.30348205566406
0.033329293669569444,4,7,swish,Glorot uniform,0,244,0,182,177.611347728736,78.62006330490112
4.228193668236704e-05,5,27,selu,Glorot uniform,2,155,112,88,68.17326795974455,81.55289697647095
0.020161373885577143,8,80,tanh,He uniform,243,5,101,111,45.6466424127923,98.00473690032959
0.00018225289687411023,8,146,silu,He uniform,216,86,43,94,35.32902952466373,187.85108637809753
1.4590588769559415e-05,5,110,relu,Glorot uniform,81,157,87,94,170.81723060878298,94.12188696861267
3.547050876902853e-05,8,85,sin,Glorot uniform,27,197,121,99,109.53408139166734,102.99310851097107
1.2774471609203795e-05,8,7,elu,Glorot uniform,129,195,64,182,15.706178024147505,147.62548422813416
0.00015230423361763224,7,186,sigmoid,He normal,185,57,181,160,102.68356901879321,134.07415175437927
1.2774471609203795e-05,8,127,elu,Glorot uniform,173,194,146,102,31.800230599884845,122.58471059799194
0.20401535760153547,4,7,swish,Glorot uniform,0,244,16,182,40.68594379894326,78.08561515808105
0.1660420654099738,4,7,swish,Glorot uniform,0,244,4,182,32.702679999480104,78.08905529975891
0.00013555464497795987,5,303,selu,Glorot uniform,143,157,192,63,55.9514059209529,137.62344527244568
1.2774471609203795e-05,5,229,relu,Glorot uniform,69,158,198,46,129.40291419263875,70.07722401618958
0.054124193608522005,4,7,tanh,Glorot uniform,0,244,0,182,154.47711005220168,62.82019591331482
0.13470690128587307,4,7,sigmoid,Glorot uniform,0,245,22,182,30.638769552200262,63.987030267715454
0.2043808045251717,4,7,silu,Glorot uniform,0,245,16,182,40.375233438843566,90.92750191688538
0.21788060459464648,4,7,relu,Glorot uniform,0,245,88,182,44.66284781598227,73.00407767295837
0.21788060459464648,4,7,silu,Glorot uniform,0,245,31,182,42.84116224015949,81.66381001472473
0.04070383488711067,4,7,tanh,Glorot uniform,0,244,0,182,90.1766292515588,91.0705623626709
0.18391481501194337,4,7,sin,Glorot uniform,0,244,6,182,238.9771266551578,64.33253931999207
0.04701414177090524,4,7,silu,Glorot uniform,0,244,6,182,16.562038401002635,108.50699138641357
0.05798746851794425,4,7,tanh,Glorot uniform,0,244,0,182,111.29029463748726,62.55079698562622
0.122620749471356,4,7,sin,Glorot uniform,0,244,8,182,26.027987362096138,63.66681623458862
0.21788060459464648,4,7,swish,Glorot uniform,0,243,0,182,23.260804049253938,78.05348515510559
0.21788060459464648,4,7,tanh,Glorot uniform,0,244,35,182,43.141945621832356,62.52427911758423
1.2774471609203795e-05,8,7,relu,Glorot uniform,172,195,85,182,17.825708994633192,80.28458428382874
1.2774471609203795e-05,8,7,elu,Glorot uniform,250,194,31,182,16.29616870467992,107.20141625404358
0.006650928979716692,4,7,sigmoid,Glorot uniform,0,244,15,182,137.016053276698,64.2406575679779
9.405305874594104e-05,8,7,elu,Glorot uniform,197,195,11,157,26.74304658237363,107.3350260257721
5.504839424172307e-05,5,41,selu,Glorot uniform,185,149,167,131,40.67521704461667,80.29934597015381
3.123954800548541e-05,8,7,silu,Glorot uniform,31,196,78,39,33.55504147087472,125.41808724403381
1.2774471609203795e-05,8,77,relu,Glorot uniform,60,195,168,34,54.57256704357987,79.57942485809326
2.7306288233375707e-05,8,10,relu,Glorot uniform,149,195,141,58,14.764892772658303,80.40302062034607
6.787253749377521e-05,5,7,selu,Glorot uniform,250,152,197,95,18.016958434001012,77.07573676109314
1.2774471609203795e-05,5,68,selu,Glorot uniform,239,153,179,112,21.936106638166187,80.38642454147339
0.00019459463785143646,7,374,sigmoid,He uniform,87,194,198,28,34.24783030909278,196.31123566627502
0.0001016096814217741,7,294,selu,He uniform,128,193,180,26,28.87214640045497,168.02587604522705
2.0810818860775694e-05,5,7,swish,Glorot uniform,220,150,130,123,14.75657293038429,90.45720028877258
6.32331162325283e-05,5,66,sin,Glorot uniform,243,151,120,171,77.77235012737582,74.69359636306763
0.00012809787098573005,5,19,selu,Glorot uniform,86,153,156,128,27.413383098993542,80.33945965766907
1.2774471609203795e-05,5,28,sin,Glorot uniform,250,151,152,148,9.805297205803583,74.29381465911865
2.42278390944681e-05,5,15,silu,Glorot uniform,240,153,151,152,45.36042581872222,90.60667204856873
1.2774471609203795e-05,5,7,sin,Glorot uniform,235,152,176,155,11.1243928837188,72.29064345359802
0.00025013348532793695,5,72,swish,Glorot uniform,171,148,14,118,106.53389785087147,94.07159090042114
0.0004411562492556397,5,53,tanh,Glorot uniform,182,151,37,129,107.25600014503215,72.9270761013031
4.8814141286022883e-05,5,129,sigmoid,Glorot uniform,124,151,0,66,115.43682544849511,77.59872364997864
0.00016250897939794687,5,59,silu,Glorot uniform,120,152,53,113,107.6685485941824,93.85563063621521
0.003651993297432135,5,111,tanh,Glorot uniform,177,150,37,142,115.04712170278816,72.88884329795837
0.00015032850726625846,5,7,tanh,Glorot uniform,83,148,0,152,123.7554377995851,71.18738651275635
0.0003330311380966429,5,62,tanh,Glorot uniform,146,151,29,98,112.45578537957884,72.85976791381836
9.379117871774206e-05,5,34,swish,Glorot uniform,0,149,0,169,261.27527688165594,93.62283873558044
8.236604477459578e-05,5,7,tanh,Glorot uniform,0,147,0,182,196.85417938286736,71.05823254585266
7.372621707382374e-05,5,27,swish,Glorot uniform,1,150,5,170,102.87622052332495,93.69534540176392
0.00020244450358006881,8,200,relu,Glorot uniform,31,195,32,132,193.34525489636655,89.17431688308716
0.00011641986879821162,5,7,swish,Glorot uniform,0,151,31,182,86.22189035712371,90.32167649269104
6.994617875247444e-05,5,7,swish,Glorot uniform,69,147,0,166,109.25612081279597,90.2872941493988
0.0021364635867273385,5,7,sin,Glorot uniform,0,149,60,182,215.4165819023405,72.7652542591095
0.0004315067105753309,5,7,swish,Glorot uniform,0,148,0,158,241.71863221661738,90.36316418647766
1.2774471609203795e-05,5,7,tanh,Glorot uniform,0,147,0,182,119.20938942327096,70.95174360275269
1.2785282940346363e-05,5,7,swish,Glorot uniform,0,150,13,182,14.010242706798422,90.36269736289978
7.34392540879638e-05,5,7,tanh,Glorot uniform,0,150,0,170,161.46872207946782,70.86432337760925
4.668090042404211e-05,5,7,tanh,Glorot uniform,0,146,6,182,52.75990545527108,71.01802444458008
3.764113912687464e-05,5,7,tanh,Glorot uniform,0,147,0,169,189.2459654402647,71.15343832969666
0.001631994086798846,5,7,tanh,Glorot uniform,0,145,64,182,102.34810188614033,71.01991772651672
0.0006616480424010898,5,7,tanh,Glorot uniform,0,145,63,61,104.6327890824432,70.93188738822937
0.0008504937275293855,5,7,tanh,Glorot uniform,0,147,58,0,43.63772818869134,70.76156306266785
0.004149826293556393,5,72,sin,Glorot uniform,202,144,126,93,46.06895942237792,75.08052897453308
0.1666137736675891,5,7,tanh,Glorot uniform,2,146,187,45,45.55431459921831,71.0694317817688
0.10098861387479649,5,24,sin,Glorot uniform,30,145,179,39,45.546426996336166,78.32713198661804
0.0461801842745707,5,7,swish,Glorot uniform,17,146,128,30,13.627300868324204,90.07643461227417
0.005399094522695652,5,44,tanh,Glorot uniform,20,147,136,32,122.05332071155365,72.76592564582825
0.21788060459464648,5,7,tanh,Glorot uniform,60,145,198,70,46.724089449345335,70.86128664016724
0.03883459266848483,5,7,swish,Glorot uniform,25,148,119,44,21.58983934509656,90.17789268493652
0.010297926296570052,5,24,sin,Glorot uniform,14,147,167,114,100.09950391042183,78.23904395103455
0.03622880835888226,5,52,sin,Glorot uniform,42,147,149,59,45.56425636581743,74.48427748680115
0.014079115158033074,5,7,swish,Glorot uniform,72,147,147,50,82.05333880041663,90.27341675758362
0.21788060459464648,5,7,tanh,Glorot uniform,63,144,188,74,45.51213367041403,71.14175009727478
0.006859550149323322,5,7,tanh,Glorot uniform,43,147,191,77,104.5526176880941,70.8789656162262
0.21788060459464648,5,7,tanh,Glorot uniform,55,146,116,82,17.230230055617742,70.79762411117554
0.04367457049986839,5,7,tanh,Glorot uniform,72,147,161,86,16.035284885485083,70.97758555412292
0.21786578338313994,5,7,tanh,Glorot uniform,1,146,170,60,45.48742633052029,71.02980136871338
0.21788060459464648,5,7,tanh,Glorot uniform,37,145,155,44,45.494021636557974,70.83743572235107
0.21785498754513122,5,7,tanh,Glorot uniform,77,147,185,100,45.4731647686465,70.66497254371643
0.17230676767903863,5,7,tanh,Glorot uniform,8,146,186,75,43.61598020042504,70.76902723312378
0.21778773920010316,5,10,tanh,Glorot uniform,34,147,191,57,45.5411215172138,72.25933575630188
0.21788060459464648,5,7,swish,Glorot uniform,46,145,159,77,45.509260436171445,90.17632818222046
0.005467735384845115,5,57,swish,Glorot uniform,184,145,178,65,100.98645384674708,93.56652045249939
0.2149641980155814,5,7,swish,Glorot uniform,70,145,129,81,45.37285283060009,90.37091493606567
0.039181724090621914,5,7,swish,Glorot uniform,76,145,114,110,45.26025397469911,90.27824020385742
0.21788060459464648,5,7,swish,Glorot uniform,68,144,180,62,45.51548316557961,90.40707421302795
0.21788060459464648,5,7,sin,Glorot uniform,105,144,145,53,40.99938715724506,72.58740973472595
0.05335944235856298,5,40,sin,Glorot uniform,144,145,51,116,44.15178140469878,74.76007294654846
0.21788060459464648,5,7,sin,Glorot uniform,137,143,149,69,45.20802140891842,72.73490524291992
3.537721391337322e-05,5,227,relu,Glorot uniform,59,155,10,101,195.9606083733864,70.19147253036499
0.21788060459464648,5,7,selu,Glorot uniform,133,143,141,114,53.10579711609199,77.29677248001099
0.03609003126594788,5,69,selu,Glorot uniform,101,146,110,125,45.20812329157759,80.36231803894043
0.19418424453690514,5,114,sin,Glorot uniform,2,143,157,102,279998.48845836567,74.71182489395142
0.21788060459464648,5,39,selu,Glorot uniform,91,144,151,79,33.69493090794451,80.33329820632935
3.78424076359346e-05,8,7,silu,Glorot uniform,88,196,180,20,32.735904049922404,125.6763551235199
0.10400123369387258,5,81,selu,Glorot uniform,162,144,3,100,35.02821368529228,80.36848378181458
0.16861853967618806,5,71,relu,Glorot uniform,125,145,152,113,45.38759362957213,62.812498569488525
0.00029114390545806226,8,115,elu,Glorot uniform,7,195,44,150,106.91789664777464,110.11014652252197
0.21788060459464648,5,61,sigmoid,Glorot uniform,102,144,72,138,44.866642682533666,75.18042540550232
0.21788060459464648,5,67,relu,Glorot uniform,113,144,164,78,500.1931396696997,62.495567083358765
0.21788060459464648,5,21,swish,Glorot uniform,44,142,55,69,46.57424698900167,91.71619272232056
0.21788060459464648,5,7,sin,Glorot uniform,0,142,36,36,1321.981620117266,72.89277720451355
0.21788060459464648,5,7,silu,Glorot uniform,0,143,0,0,22.86256115134274,90.2911479473114
0.21788060459464648,5,7,sin,Glorot uniform,45,142,92,43,45.31773840250117,72.2391004562378
0.21788060459464648,5,7,sin,Glorot uniform,0,144,0,0,64.12153006229951,72.25226593017578
0.21788060459464648,5,42,silu,Glorot uniform,21,144,18,43,43.473913122740505,93.76498699188232
0.15786383058692183,5,46,silu,Glorot uniform,21,144,5,48,3754.956451140411,93.76364374160767
0.21788060459464648,5,7,sin,Glorot uniform,0,143,59,46,203.65210449171772,72.77715754508972
0.21788060459464648,5,7,sin,Glorot uniform,0,141,37,62,5147.620052774674,72.5635826587677
0.21788060459464648,5,7,sigmoid,Glorot uniform,0,142,56,0,44.93524524942608,72.0173590183258
0.03231110898974213,5,26,silu,Glorot uniform,9,144,1,24,30.786770823680612,92.75106501579285
0.17936844271635186,5,27,sin,Glorot uniform,27,143,60,38,323832.4770475077,74.51697540283203
0.21788060459464648,5,7,selu,Glorot uniform,0,143,19,0,44.046648632788624,77.07322978973389
0.21788060459464648,5,7,sigmoid,Glorot uniform,0,141,86,44,45.2753619970229,72.15727233886719
0.21788060459464648,5,7,sigmoid,Glorot uniform,0,142,102,2,45.447988439416555,72.27543091773987
0.19030282092965836,5,7,sigmoid,Glorot uniform,0,141,50,48,44.89643896989176,72.13523983955383
0.21788060459464648,5,7,selu,Glorot uniform,0,141,36,52,40.073065690513126,77.24844598770142
0.21788060459464648,5,7,sigmoid,Glorot uniform,0,141,130,114,45.32512869520987,72.11939406394958
0.21788060459464648,5,7,selu,Glorot uniform,0,141,103,76,45.27143225159598,77.25639510154724
0.21788060459464648,5,7,selu,Glorot uniform,0,142,83,71,96.52565872080615,77.14654779434204
0.21788060459464648,5,7,selu,Glorot uniform,0,141,110,99,46.07679106317735,77.30367755889893
0.06566889304036773,5,7,selu,Glorot uniform,0,139,93,92,38.01832092653177,77.23531866073608
0.21788060459464648,5,7,selu,Glorot uniform,0,142,164,109,45.463101921898286,77.39495348930359
0.17914620783883314,5,7,relu,Glorot uniform,0,139,171,165,45.38373778582737,62.092727184295654
0.11848403950142872,5,7,silu,Glorot uniform,0,141,134,161,45.259012850911965,90.43059206008911
0.12321110446353868,5,118,relu,Glorot uniform,0,140,179,151,45.405699299893776,63.32443904876709
0.00017421486438401744,8,293,silu,Glorot uniform,116,196,79,96,104.71189421041043,252.04329919815063
0.003331187989326346,8,182,relu,Glorot uniform,111,196,111,103,201.7620855476678,82.2246663570404
0.046826353094548676,5,7,selu,Glorot uniform,2,142,197,148,37.878157209421616,77.18066191673279
0.0020451103429313024,5,7,sin,Glorot uniform,0,141,139,134,86.0673868962726,72.57702445983887
0.1477327660754711,5,7,relu,Glorot uniform,0,142,178,165,45.2967246947623,62.02124571800232
0.20123599722926255,5,7,relu,Glorot uniform,0,141,175,176,45.363015454380196,62.001307010650635
0.15045108647788785,5,7,elu,Glorot uniform,0,142,165,132,45.40000248192293,77.39868593215942
0.04295779126760997,5,7,relu,Glorot uniform,0,139,166,166,114.92483020156325,62.124852657318115
0.02148083453281597,5,11,selu,Glorot uniform,0,142,174,144,45.375201155018225,78.37928485870361
0.21788060459464648,5,7,selu,Glorot uniform,0,139,198,182,45.40211298969153,77.26314640045166
0.21788060459464648,5,7,elu,Glorot uniform,0,139,198,182,45.36634346624455,77.49246025085449
0.060485581732012135,5,7,selu,Glorot uniform,0,141,113,173,63.01673298971355,77.33653903007507
0.11866540099306243,5,7,sigmoid,Glorot uniform,0,141,182,158,18.932004024792924,72.05959415435791
0.04712928693922071,5,7,selu,Glorot uniform,0,140,175,163,45.38115138329976,77.3187141418457
0.21680448968577043,5,7,relu,Glorot uniform,0,141,198,179,45.71194126514909,61.98012638092041
0.040505098338068396,8,178,sigmoid,Glorot uniform,250,195,99,181,44.90531429171857,115.83247447013855
0.048086269940055514,8,310,sin,Glorot uniform,81,209,103,71,59664.31094861546,201.80472707748413
0.1983578143243843,5,7,relu,Glorot uniform,0,138,191,126,46.0608087573169,62.16546106338501
0.0005920467557822613,8,382,sigmoid,Glorot uniform,49,197,11,21,84.38694012646936,226.89912843704224
1.2774471609203795e-05,8,157,selu,Glorot uniform,91,195,41,13,39.86666326251758,122.43440985679626
0.18173063683941662,5,7,elu,Glorot uniform,0,139,198,155,45.44011258637698,77.37585282325745
0.08655644710035182,5,7,selu,Glorot uniform,0,138,198,120,45.437327321152424,77.41545081138611
1.2774471609203795e-05,8,302,sigmoid,Glorot uniform,188,196,0,57,149.79961945612646,197.48012518882751
0.023729962997839832,5,7,sigmoid,Glorot uniform,0,137,198,126,73.29107040408103,72.4735221862793
0.005670445583560815,5,26,silu,Glorot uniform,0,138,177,79,46.043663167118055,92.72202706336975
0.0034543126997624704,5,7,sin,Glorot uniform,0,137,174,56,105.74943798356587,72.43634748458862
0.0039825233806293475,5,72,silu,Glorot uniform,14,137,198,65,101.48341055831158,94.32717084884644
0.0017719919779877196,5,68,silu,Glorot uniform,40,139,192,37,101.09253617613805,94.1446442604065
0.0003277525760043855,5,7,swish,Glorot uniform,0,137,198,66,58.58705007234809,90.21284198760986
0.0002874515532975763,5,33,silu,Glorot uniform,5,138,198,46,101.43527772773004,93.84002184867859
3.1924719877686746e-05,5,19,silu,Glorot uniform,5,138,107,49,63.133679208518494,91.82640171051025
0.00012968297143858514,5,13,swish,Glorot uniform,76,139,148,5,41.73753076187321,90.62714672088623
0.005738447920445162,5,60,sigmoid,Glorot uniform,0,138,198,75,87.76982267173096,74.93563795089722
0.020591675041182728,5,48,silu,Glorot uniform,0,136,198,131,45.4757598944701,93.7814257144928
0.006701013374623395,5,55,swish,Glorot uniform,0,138,161,53,38.79648306888013,93.69843554496765
0.00490292575150656,5,86,sin,Glorot uniform,0,136,198,41,46.375545501835674,75.0350112915039
0.0007724406935331493,5,119,tanh,Glorot uniform,24,137,198,57,101.85054870507972,73.61569452285767
0.02662640845290357,5,196,tanh,Glorot uniform,0,136,198,61,45.553369949232994,86.39073777198792
0.03551532919439825,5,273,tanh,Glorot uniform,0,137,198,84,22.119986469014925,106.6205484867096
0.04125454007476668,5,250,swish,Glorot uniform,0,135,198,113,45.4218382228596,136.38754987716675
0.21788060459464648,5,306,swish,Glorot uniform,0,137,167,128,43.64744016161967,177.30289220809937
0.002288085244201226,5,275,tanh,Glorot uniform,0,137,198,69,73.32880074321592,105.58175253868103
0.011520602865230265,5,185,swish,Glorot uniform,0,138,198,61,58.39061109420778,113.65920066833496
0.06966274035500115,5,282,tanh,Glorot uniform,0,136,198,108,45.498128894065715,107.53331685066223
0.13996885736708112,5,305,tanh,Glorot uniform,45,136,193,115,43.776988850603686,127.04214692115784
0.07898789032805675,5,316,swish,Glorot uniform,0,136,116,47,45.412399942726786,181.22008061408997
0.21788060459464648,5,292,tanh,Glorot uniform,0,135,198,83,46.56731849403813,114.93992781639099
0.21788060459464648,5,233,tanh,Glorot uniform,0,135,181,82,45.487223949747616,93.79992938041687
0.21788060459464648,5,344,tanh,Glorot uniform,0,134,198,45,17.031317031953215,125.37638139724731
0.12606689850774247,5,267,swish,Glorot uniform,3,136,189,18,45.595115946732335,148.97709608078003
0.03659384549954046,5,148,tanh,Glorot uniform,0,137,193,46,45.56969931042962,76.33300542831421
0.057852803527272796,5,361,tanh,Glorot uniform,120,134,122,86,45.022619838705765,127.50186133384705
0.21788060459464648,5,381,sin,Glorot uniform,70,136,180,129,246532.84896781945,144.27902960777283
0.21788060459464648,5,381,tanh,Glorot uniform,60,136,188,37,45.57048523753608,138.31187748908997
0.21788060459464648,5,384,tanh,Glorot uniform,0,134,174,62,45.52171395963103,137.6659755706787
0.21788060459464648,5,384,tanh,Glorot uniform,4,136,165,59,45.50846672983857,137.70501613616943
0.21788060459464648,5,361,tanh,Glorot uniform,0,133,184,73,54.818914706554324,127.5703547000885
0.21788060459464648,5,268,tanh,Glorot uniform,0,131,166,95,58.18281815658808,104.8816511631012
0.21788060459464648,5,106,tanh,Glorot uniform,0,130,133,118,82.38678425545024,73.15884637832642
0.21788060459464648,5,7,tanh,Glorot uniform,0,130,119,138,45.25915956495669,70.8927309513092
1.2774471609203795e-05,8,264,sin,Glorot uniform,153,196,72,29,7.136755079801427,152.6981282234192
0.0006101652476791573,8,28,elu,Glorot uniform,234,195,52,73,52.20146510528509,110.10114908218384
1.2774471609203795e-05,8,88,relu,Glorot uniform,178,193,0,86,199.64637295112317,80.030282497406
1.2774471609203795e-05,8,206,sigmoid,Glorot uniform,213,194,61,84,18.4298641954101,127.9067735671997
1.2774471609203795e-05,8,148,selu,Glorot uniform,130,196,97,71,45.21708223599129,119.34147214889526
0.0001470115401872831,8,115,sigmoid,Glorot uniform,96,194,95,114,35.74368313442747,100.20518159866333
1.9325950837508296e-05,8,347,selu,Glorot uniform,8,197,193,116,107.8237871526255,222.80649161338806
0.0013230115169571737,8,373,selu,Glorot uniform,145,197,122,45,290.30184048917937,246.39613008499146
1.3601669000905545e-05,8,301,selu,Glorot uniform,170,196,156,46,45.92859053650199,215.41310262680054
0.21788060459464648,5,7,tanh,Glorot uniform,0,132,34,80,52.504678836013056,71.19186401367188
0.00043443501653044536,8,69,silu,Glorot uniform,189,195,3,118,106.16894936119012,130.84677362442017
1.2774471609203795e-05,8,315,relu,Glorot uniform,144,195,65,60,170.06559089368773,140.61047530174255
1.2774471609203795e-05,8,301,elu,Glorot uniform,114,197,37,93,72.32232280390511,215.60888242721558
1.2774471609203795e-05,8,220,elu,Glorot uniform,220,194,34,154,64.91381921476636,145.5538935661316
1.2774471609203795e-05,8,235,elu,Glorot uniform,231,197,101,103,44.68400083593417,153.93499159812927
3.730574003640148e-05,8,182,silu,Glorot uniform,166,196,76,35,16.897409976841665,161.25786995887756
1.5509102539074708e-05,8,150,relu,Glorot uniform,40,196,20,51,188.06719233482892,80.53941035270691
0.00016353303494546503,8,235,relu,Glorot uniform,161,195,72,159,193.17046679121438,97.99574565887451
0.18859830613842596,5,25,swish,Glorot uniform,0,133,147,136,45.35757330211765,93.00535297393799
7.546499208388093e-05,8,363,sin,Glorot uniform,196,197,146,70,79.31899232281441,222.5453019142151
1.2774471609203795e-05,8,213,elu,Glorot uniform,87,196,134,95,62.0817188920019,144.89788722991943
0.21788060459464648,5,7,tanh,Glorot uniform,0,131,122,138,45.27044090117043,71.27249002456665
2.125119583210801e-05,8,115,elu,Glorot uniform,130,195,123,70,26.40745689012478,110.12639331817627
1.2774471609203795e-05,8,172,elu,Glorot uniform,149,195,67,87,37.5038318435262,125.95304489135742
1.2774471609203795e-05,8,258,relu,Glorot uniform,150,197,109,109,175.39962698362248,104.51585745811462
0.0001287407915839738,8,51,elu,Glorot uniform,142,195,95,74,33.1073925615102,110.91577053070068
1.2774471609203795e-05,8,91,relu,Glorot uniform,182,195,73,121,175.22548126040562,79.40962076187134
0.0018853115528588429,8,144,selu,Glorot uniform,101,196,133,173,20.16969754978313,117.52210140228271
1.2774471609203795e-05,8,154,elu,Glorot uniform,155,193,12,120,56.61478196092959,120.60449814796448
1.2774471609203795e-05,8,70,elu,Glorot uniform,250,195,17,182,49.36089050465278,111.81763124465942
4.0776472305909034e-05,8,271,sigmoid,Glorot uniform,115,197,69,95,34.64980260387598,160.00943398475647
0.0015582956498294389,8,319,swish,Glorot uniform,120,212,188,0,34.595289937943704,290.09108710289
7.739869796011067e-05,8,93,selu,Glorot uniform,56,196,72,58,65.93401026917711,109.44892930984497
4.452798177134312e-05,8,201,sigmoid,Glorot uniform,1,196,129,119,8.778940893665116,128.29094672203064
0.00026178394091712565,8,354,silu,Glorot uniform,4,197,33,3,52.179865010172364,297.562611579895
1.746124092633242e-05,8,184,sin,Glorot uniform,106,197,194,28,24.57252488439208,116.06503629684448
0.0004783801444106246,8,265,swish,Glorot uniform,50,197,59,97,101.23080885008659,224.2689733505249
0.0008956908622804709,8,136,selu,Glorot uniform,149,196,131,23,25.974579350411318,115.68221187591553
2.9140700838003963e-05,8,247,silu,Glorot uniform,43,197,174,34,11.102553545260756,205.1488392353058
4.202115302137821e-05,8,26,swish,Glorot uniform,182,196,189,100,61.90908792960924,131.3851442337036
0.0005425018378384152,8,342,swish,Glorot uniform,24,197,168,83,103.5162219418043,287.81001353263855
1.2774471609203795e-05,8,102,relu,Glorot uniform,121,196,64,132,179.5531718130063,80.46931385993958
1.2774471609203795e-05,8,228,sigmoid,Glorot uniform,63,196,101,80,8.449986909951035,137.11528992652893
1.2774471609203795e-05,8,284,selu,Glorot uniform,167,196,56,84,62.32121468013915,179.11432337760925
2.217016153489962e-05,8,176,tanh,Glorot uniform,117,197,198,98,96.43003879164178,111.42198634147644
1.2774471609203795e-05,8,156,relu,Glorot uniform,114,195,61,146,181.81628490368516,80.47239971160889
0.0032478174196471114,8,354,sigmoid,Glorot uniform,48,197,141,20,38.63794426674823,206.73896312713623
0.00035612622487065694,8,204,relu,Glorot uniform,224,196,39,97,192.63178732075662,90.36648869514465
0.00044581601163516064,8,343,sin,Glorot uniform,172,197,149,73,54.73817010191929,203.3293492794037
4.91638048986949e-05,8,224,sin,Glorot uniform,244,196,139,143,101.43510113834635,133.5291669368744
1.5829022188179845e-05,8,156,silu,Glorot uniform,158,195,105,166,35.195195543782866,152.86068892478943
0.0001219880128378164,8,112,silu,Glorot uniform,20,196,11,160,109.57114051458824,132.40925669670105
0.0031594266809736246,8,204,relu,Glorot uniform,157,196,18,97,197.21488091904914,90.54288959503174
2.5399255353951978e-05,8,182,tanh,Glorot uniform,1,197,158,16,92.29513972563811,113.0728988647461
0.0006357394021192723,8,240,sin,Glorot uniform,167,196,96,178,126.63935113470635,138.7913100719452
0.003976806227089933,8,140,sigmoid,Glorot uniform,45,197,160,87,103.67277969239436,103.1308946609497
0.0009591095952496677,8,179,sigmoid,Glorot uniform,197,196,31,121,88.55451977941287,117.40372610092163
7.117544620583341e-05,8,137,selu,Glorot uniform,27,196,61,178,115.54433920902135,118.07778596878052
0.0001480493155657304,8,106,relu,Glorot uniform,40,195,41,168,184.2873442111648,80.64154815673828
0.0017973660181334987,8,248,silu,Glorot uniform,36,196,160,135,101.42872802815782,202.86223363876343
0.0025083409054541296,8,173,sin,Glorot uniform,64,197,171,164,106.00950045958452,115.83231234550476
5.314907868749214e-05,8,87,sin,Glorot uniform,80,196,120,27,41.817235413675064,100.2713897228241
0.00022642287363478742,8,368,swish,Glorot uniform,34,197,26,60,107.2460677475926,317.2493574619293
0.09266568197568885,8,255,tanh,Glorot uniform,201,197,174,120,46.01877521648265,144.06726455688477
0.00013831268012806828,8,215,elu,Glorot uniform,3,197,56,28,100.58150981214374,145.71765995025635
3.5330321909905106e-05,8,290,sigmoid,Glorot uniform,104,197,161,48,10.030480615360172,175.2067551612854
4.8456768614355286e-05,8,165,sigmoid,Glorot uniform,186,196,188,141,6.64859869225806,113.73208737373352
2.8952269489661265e-05,8,248,selu,Glorot uniform,152,196,90,60,53.22026280792235,154.80782794952393
0.0012066320701050461,8,176,relu,Glorot uniform,31,196,105,169,200.64722643670265,81.20972442626953
1.2774471609203795e-05,8,7,elu,Glorot uniform,250,195,28,182,16.772643420327384,107.57269501686096
1.2774471609203795e-05,8,208,selu,Glorot uniform,83,196,108,92,71.29646298431169,139.9742465019226
0.04989934169232017,8,206,tanh,Glorot uniform,45,197,139,170,45.16833359828432,125.27950859069824
0.00026070032757254276,8,249,relu,Glorot uniform,80,197,146,98,188.436190197816,100.80657076835632
9.553299345638556e-05,8,297,sigmoid,Glorot uniform,186,196,151,136,5.785499771572862,180.7233862876892
4.0008463767761967e-05,8,72,relu,Glorot uniform,212,195,45,143,191.66761214388904,80.50806713104248
0.00023699689253405134,8,131,sigmoid,Glorot uniform,90,196,125,68,29.32898459912498,105.86893320083618
0.0005338402633157166,8,133,selu,Glorot uniform,231,195,32,96,33.66718662970047,117.09995460510254
7.704340536225143e-05,8,166,selu,Glorot uniform,108,197,129,115,79.20583417030005,123.67526841163635
1.2774471609203795e-05,8,185,elu,Glorot uniform,82,196,135,166,89.4201281445694,130.54226756095886
1.2774471609203795e-05,8,94,elu,Glorot uniform,96,195,122,160,60.55655265409954,110.17845749855042
0.01577586937346509,8,293,sin,Glorot uniform,43,197,130,158,22827.176895396835,178.38859176635742
0.008200177910062572,8,203,silu,Glorot uniform,31,196,57,49,242.98085395299663,181.33659982681274
1.2774471609203795e-05,8,120,elu,Glorot uniform,89,196,129,154,79.36301590243362,110.40676927566528
0.04772246948920266,8,180,sigmoid,Glorot uniform,22,197,194,59,45.47704556135653,116.3715980052948
0.21788060459464648,5,57,tanh,Glorot uniform,0,132,113,161,200.65414458225655,72.80860304832458
0.21788060459464648,5,64,swish,Glorot uniform,22,130,132,150,468739.4603285326,94.45826554298401
0.21788060459464648,5,7,tanh,Glorot uniform,0,130,147,165,46.12761378749249,70.96788811683655
0.21788060459464648,5,13,tanh,Glorot uniform,10,131,157,157,42.032326210515045,73.78883576393127
0.21788060459464648,5,7,tanh,Glorot uniform,0,131,134,144,45.21780888563271,71.12592124938965
0.21788060459464648,5,7,tanh,Glorot uniform,0,130,145,182,45.2796645524967,71.06387829780579
0.07522257594313438,5,7,tanh,Glorot uniform,24,127,134,167,45.2698936771437,71.05240845680237
0.06815832998400062,5,7,tanh,Glorot uniform,97,126,192,176,45.41961649104424,71.02426815032959
0.003425925768773577,5,141,tanh,Glorot uniform,203,125,198,150,69.10879383108941,73.84206366539001
0.0005515528275095726,5,155,sin,Glorot uniform,250,125,198,150,98.33171653579909,79.60257601737976
0.00022169921872036322,5,79,sin,Glorot uniform,250,127,198,145,102.09790314036603,74.49502229690552
0.0038712581441619647,5,168,tanh,Glorot uniform,250,127,198,150,69.14736933087005,78.59416651725769
0.002608896046015308,5,69,swish,Glorot uniform,250,125,198,158,97.76852664485583,94.11800265312195
0.00472343323634606,5,99,swish,Glorot uniform,232,127,198,157,106.89329305284315,93.38376498222351
0.0006769914770036284,5,144,swish,Glorot uniform,250,127,198,154,100.30713216794085,102.0574369430542
0.0023637484627636817,5,73,tanh,Glorot uniform,250,127,198,171,101.95455782120989,72.96336197853088
0.022805696365927018,5,138,sin,Glorot uniform,142,124,198,126,1546.6914514871914,78.40152668952942
0.014494753621782017,5,199,selu,Glorot uniform,184,123,198,72,45.56107012256301,96.54145121574402
0.21355480055294507,5,216,elu,Glorot uniform,153,124,198,15,19667862135.398586,98.5501172542572
4.961229526740071e-05,5,92,sigmoid,Glorot uniform,57,124,19,66,90.97533078260842,75.03256154060364
0.0007651197303670845,5,31,selu,Glorot uniform,116,124,145,126,113.58811917203855,80.33431220054626
0.003932293237620361,5,320,selu,Glorot uniform,69,124,51,49,21.5994018890214,140.3404402732849
0.06908389157346886,5,226,selu,Glorot uniform,212,125,194,15,3450188.0850018384,101.879723072052
3.131695664506541e-05,5,280,selu,Glorot uniform,115,124,158,181,108.43426264325062,116.40231704711914
0.03542497295717929,5,206,selu,Glorot uniform,102,124,127,182,27.136692731560636,96.85375261306763
